student_id,subject,lesson,score,iq_level,study_hours_per_week,attendance_rate,student_type
STU0001,Sinhala,Sinhala_Lesson_1,90.0,116.0,6.0,52.0,language_oriented
STU0001,Mathematics,Mathematics_Lesson_1,33.0,116.0,6.0,52.0,language_oriented
STU0001,Science,Science_Lesson_1,33.0,116.0,6.0,52.0,language_oriented
STU0001,English,English_Lesson_1,73.0,116.0,6.0,52.0,language_oriented
STU0001,History,History_Lesson_1,64.0,116.0,6.0,52.0,language_oriented
STU0001,Buddhism,Buddhism_Lesson_1,69.0,116.0,6.0,52.0,language_oriented
STU0001,Geography,Geography_Lesson_1,61.0,116.0,6.0,52.0,language_oriented
STU0001,ICT,ICT_Lesson_1,94.0,116.0,6.0,52.0,language_oriented
STU0002,Sinhala,Sinhala_Lesson_1,38.0,88.0,17.0,61.0,language_oriented
STU0002,Mathematics,Mathematics_Lesson_1,34.0,88.0,17.0,61.0,language_oriented
STU0002,Science,Science_Lesson_1,56.0,88.0,17.0,61.0,language_oriented
STU0002,English,English_Lesson_1,67.0,88.0,17.0,61.0,language_oriented
STU0002,History,History_Lesson_1,46.0,88.0,17.0,61.0,language_oriented
STU0002,Buddhism,Buddhism_Lesson_1,65.0,88.0,17.0,61.0,language_oriented
STU0002,Geography,Geography_Lesson_1,85.0,88.0,17.0,61.0,language_oriented
STU0002,ICT,ICT_Lesson_1,82.0,88.0,17.0,61.0,language_oriented
STU0003,Sinhala,Sinhala_Lesson_1,89.0,133.0,20.0,91.0,language_oriented
STU0003,Mathematics,Mathematics_Lesson_1,55.0,133.0,20.0,91.0,language_oriented
STU0003,Science,Science_Lesson_1,50.0,133.0,20.0,91.0,language_oriented
STU0003,English,English_Lesson_1,36.0,133.0,20.0,91.0,language_oriented
STU0003,History,History_Lesson_1,59.0,133.0,20.0,91.0,language_oriented
STU0003,Buddhism,Buddhism_Lesson_1,96.0,133.0,20.0,91.0,language_oriented
STU0003,Geography,Geography_Lesson_1,90.0,133.0,20.0,91.0,language_oriented
STU0003,ICT,ICT_Lesson_1,40.0,133.0,20.0,91.0,language_oriented
STU0004,Sinhala,Sinhala_Lesson_1,96.0,136.0,10.0,76.0,language_oriented
STU0004,Mathematics,Mathematics_Lesson_1,39.0,136.0,10.0,76.0,language_oriented
STU0004,Science,Science_Lesson_1,95.0,136.0,10.0,76.0,language_oriented
STU0004,English,English_Lesson_1,54.0,136.0,10.0,76.0,language_oriented
STU0004,History,History_Lesson_1,65.0,136.0,10.0,76.0,language_oriented
STU0004,Buddhism,Buddhism_Lesson_1,66.0,136.0,10.0,76.0,language_oriented
STU0004,Geography,Geography_Lesson_1,34.0,136.0,10.0,76.0,language_oriented
STU0004,ICT,ICT_Lesson_1,46.0,136.0,10.0,76.0,language_oriented
STU0005,Sinhala,Sinhala_Lesson_1,34.0,116.0,15.0,98.0,practical
STU0005,Mathematics,Mathematics_Lesson_1,91.0,116.0,15.0,98.0,practical
STU0005,Science,Science_Lesson_1,99.0,116.0,15.0,98.0,practical
STU0005,English,English_Lesson_1,90.0,116.0,15.0,98.0,practical
STU0005,History,History_Lesson_1,31.0,116.0,15.0,98.0,practical
STU0005,Buddhism,Buddhism_Lesson_1,81.0,116.0,15.0,98.0,practical
STU0005,Geography,Geography_Lesson_1,44.0,116.0,15.0,98.0,practical
STU0005,ICT,ICT_Lesson_1,44.0,116.0,15.0,98.0,practical
STU0006,Sinhala,Sinhala_Lesson_1,87.0,110.0,5.0,87.0,practical
STU0006,Mathematics,Mathematics_Lesson_1,54.0,110.0,5.0,87.0,practical
STU0006,Science,Science_Lesson_1,38.0,110.0,5.0,87.0,practical
STU0006,English,English_Lesson_1,31.0,110.0,5.0,87.0,practical
STU0006,History,History_Lesson_1,72.0,110.0,5.0,87.0,practical
STU0006,Buddhism,Buddhism_Lesson_1,49.0,110.0,5.0,87.0,practical
STU0006,Geography,Geography_Lesson_1,91.0,110.0,5.0,87.0,practical
STU0006,ICT,ICT_Lesson_1,63.0,110.0,5.0,87.0,practical
STU0007,Sinhala,Sinhala_Lesson_1,33.0,113.0,2.0,99.0,language_oriented
STU0007,Mathematics,Mathematics_Lesson_1,43.0,113.0,2.0,99.0,language_oriented
STU0007,Science,Science_Lesson_1,77.0,113.0,2.0,99.0,language_oriented
STU0007,English,English_Lesson_1,52.0,113.0,2.0,99.0,language_oriented
STU0007,History,History_Lesson_1,67.0,113.0,2.0,99.0,language_oriented
STU0007,Buddhism,Buddhism_Lesson_1,38.0,113.0,2.0,99.0,language_oriented
STU0007,Geography,Geography_Lesson_1,32.0,113.0,2.0,99.0,language_oriented
STU0007,ICT,ICT_Lesson_1,67.0,113.0,2.0,99.0,language_oriented
STU0008,Sinhala,Sinhala_Lesson_1,63.0,125.0,9.0,62.0,practical
STU0008,Mathematics,Mathematics_Lesson_1,56.0,125.0,9.0,62.0,practical
STU0008,Science,Science_Lesson_1,43.0,125.0,9.0,62.0,practical
STU0008,English,English_Lesson_1,47.0,125.0,9.0,62.0,practical
STU0008,History,History_Lesson_1,62.0,125.0,9.0,62.0,practical
STU0008,Buddhism,Buddhism_Lesson_1,36.0,125.0,9.0,62.0,practical
STU0008,Geography,Geography_Lesson_1,66.0,125.0,9.0,62.0,practical
STU0008,ICT,ICT_Lesson_1,86.0,125.0,9.0,62.0,practical
STU0009,Sinhala,Sinhala_Lesson_1,30.0,93.0,5.0,56.0,practical
STU0009,Mathematics,Mathematics_Lesson_1,56.0,93.0,5.0,56.0,practical
STU0009,Science,Science_Lesson_1,72.0,93.0,5.0,56.0,practical
STU0009,English,English_Lesson_1,97.0,93.0,5.0,56.0,practical
STU0009,History,History_Lesson_1,44.0,93.0,5.0,56.0,practical
STU0009,Buddhism,Buddhism_Lesson_1,76.0,93.0,5.0,56.0,practical
STU0009,Geography,Geography_Lesson_1,69.0,93.0,5.0,56.0,practical
STU0009,ICT,ICT_Lesson_1,75.0,93.0,5.0,56.0,practical
STU0010,Sinhala,Sinhala_Lesson_1,45.0,131.0,10.0,51.0,balanced
STU0010,Mathematics,Mathematics_Lesson_1,100.0,131.0,10.0,51.0,balanced
STU0010,Science,Science_Lesson_1,85.0,131.0,10.0,51.0,balanced
STU0010,English,English_Lesson_1,46.0,131.0,10.0,51.0,balanced
STU0010,History,History_Lesson_1,86.0,131.0,10.0,51.0,balanced
STU0010,Buddhism,Buddhism_Lesson_1,100.0,131.0,10.0,51.0,balanced
STU0010,Geography,Geography_Lesson_1,91.0,131.0,10.0,51.0,balanced
STU0010,ICT,ICT_Lesson_1,65.0,131.0,10.0,51.0,balanced
STU0011,Sinhala,Sinhala_Lesson_1,35.0,99.0,12.0,88.0,balanced
STU0011,Mathematics,Mathematics_Lesson_1,31.0,99.0,12.0,88.0,balanced
STU0011,Science,Science_Lesson_1,95.0,99.0,12.0,88.0,balanced
STU0011,English,English_Lesson_1,64.0,99.0,12.0,88.0,balanced
STU0011,History,History_Lesson_1,71.0,99.0,12.0,88.0,balanced
STU0011,Buddhism,Buddhism_Lesson_1,46.0,99.0,12.0,88.0,balanced
STU0011,Geography,Geography_Lesson_1,72.0,99.0,12.0,88.0,balanced
STU0011,ICT,ICT_Lesson_1,30.0,99.0,12.0,88.0,balanced
STU0012,Sinhala,Sinhala_Lesson_1,85.0,136.0,7.0,66.0,language_oriented
STU0012,Mathematics,Mathematics_Lesson_1,98.0,136.0,7.0,66.0,language_oriented
STU0012,Science,Science_Lesson_1,61.0,136.0,7.0,66.0,language_oriented
STU0012,English,English_Lesson_1,69.0,136.0,7.0,66.0,language_oriented
STU0012,History,History_Lesson_1,90.0,136.0,7.0,66.0,language_oriented
STU0012,Buddhism,Buddhism_Lesson_1,36.0,136.0,7.0,66.0,language_oriented
STU0012,Geography,Geography_Lesson_1,79.0,136.0,7.0,66.0,language_oriented
STU0012,ICT,ICT_Lesson_1,54.0,136.0,7.0,66.0,language_oriented
STU0013,Sinhala,Sinhala_Lesson_1,87.0,121.0,10.0,82.0,practical
STU0013,Mathematics,Mathematics_Lesson_1,60.0,121.0,10.0,82.0,practical
STU0013,Science,Science_Lesson_1,90.0,121.0,10.0,82.0,practical
STU0013,English,English_Lesson_1,50.0,121.0,10.0,82.0,practical
STU0013,History,History_Lesson_1,46.0,121.0,10.0,82.0,practical
STU0013,Buddhism,Buddhism_Lesson_1,38.0,121.0,10.0,82.0,practical
STU0013,Geography,Geography_Lesson_1,98.0,121.0,10.0,82.0,practical
STU0013,ICT,ICT_Lesson_1,58.0,121.0,10.0,82.0,practical
STU0014,Sinhala,Sinhala_Lesson_1,64.0,90.0,14.0,77.0,balanced
STU0014,Mathematics,Mathematics_Lesson_1,85.0,90.0,14.0,77.0,balanced
STU0014,Science,Science_Lesson_1,45.0,90.0,14.0,77.0,balanced
STU0014,English,English_Lesson_1,87.0,90.0,14.0,77.0,balanced
STU0014,History,History_Lesson_1,42.0,90.0,14.0,77.0,balanced
STU0014,Buddhism,Buddhism_Lesson_1,66.0,90.0,14.0,77.0,balanced
STU0014,Geography,Geography_Lesson_1,56.0,90.0,14.0,77.0,balanced
STU0014,ICT,ICT_Lesson_1,80.0,90.0,14.0,77.0,balanced
STU0015,Sinhala,Sinhala_Lesson_1,75.0,124.0,13.0,50.0,language_oriented
STU0015,Mathematics,Mathematics_Lesson_1,62.0,124.0,13.0,50.0,language_oriented
STU0015,Science,Science_Lesson_1,95.0,124.0,13.0,50.0,language_oriented
STU0015,English,English_Lesson_1,90.0,124.0,13.0,50.0,language_oriented
STU0015,History,History_Lesson_1,75.0,124.0,13.0,50.0,language_oriented
STU0015,Buddhism,Buddhism_Lesson_1,52.0,124.0,13.0,50.0,language_oriented
STU0015,Geography,Geography_Lesson_1,30.0,124.0,13.0,50.0,language_oriented
STU0015,ICT,ICT_Lesson_1,84.0,124.0,13.0,50.0,language_oriented
STU0016,Sinhala,Sinhala_Lesson_1,44.0,112.0,8.0,59.0,language_oriented
STU0016,Mathematics,Mathematics_Lesson_1,78.0,112.0,8.0,59.0,language_oriented
STU0016,Science,Science_Lesson_1,36.0,112.0,8.0,59.0,language_oriented
STU0016,English,English_Lesson_1,40.0,112.0,8.0,59.0,language_oriented
STU0016,History,History_Lesson_1,82.0,112.0,8.0,59.0,language_oriented
STU0016,Buddhism,Buddhism_Lesson_1,99.0,112.0,8.0,59.0,language_oriented
STU0016,Geography,Geography_Lesson_1,42.0,112.0,8.0,59.0,language_oriented
STU0016,ICT,ICT_Lesson_1,32.0,112.0,8.0,59.0,language_oriented
STU0017,Sinhala,Sinhala_Lesson_1,41.0,97.0,20.0,74.0,balanced
STU0017,Mathematics,Mathematics_Lesson_1,70.0,97.0,20.0,74.0,balanced
STU0017,Science,Science_Lesson_1,96.0,97.0,20.0,74.0,balanced
STU0017,English,English_Lesson_1,49.0,97.0,20.0,74.0,balanced
STU0017,History,History_Lesson_1,96.0,97.0,20.0,74.0,balanced
STU0017,Buddhism,Buddhism_Lesson_1,54.0,97.0,20.0,74.0,balanced
STU0017,Geography,Geography_Lesson_1,95.0,97.0,20.0,74.0,balanced
STU0017,ICT,ICT_Lesson_1,43.0,97.0,20.0,74.0,balanced
STU0018,Sinhala,Sinhala_Lesson_1,57.0,116.0,6.0,82.0,practical
STU0018,Mathematics,Mathematics_Lesson_1,88.0,116.0,6.0,82.0,practical
STU0018,Science,Science_Lesson_1,61.0,116.0,6.0,82.0,practical
STU0018,English,English_Lesson_1,63.0,116.0,6.0,82.0,practical
STU0018,History,History_Lesson_1,31.0,116.0,6.0,82.0,practical
STU0018,Buddhism,Buddhism_Lesson_1,51.0,116.0,6.0,82.0,practical
STU0018,Geography,Geography_Lesson_1,95.0,116.0,6.0,82.0,practical
STU0018,ICT,ICT_Lesson_1,66.0,116.0,6.0,82.0,practical
STU0019,Sinhala,Sinhala_Lesson_1,52.0,89.0,18.0,51.0,language_oriented
STU0019,Mathematics,Mathematics_Lesson_1,78.0,89.0,18.0,51.0,language_oriented
STU0019,Science,Science_Lesson_1,91.0,89.0,18.0,51.0,language_oriented
STU0019,English,English_Lesson_1,51.0,89.0,18.0,51.0,language_oriented
STU0019,History,History_Lesson_1,38.0,89.0,18.0,51.0,language_oriented
STU0019,Buddhism,Buddhism_Lesson_1,75.0,89.0,18.0,51.0,language_oriented
STU0019,Geography,Geography_Lesson_1,76.0,89.0,18.0,51.0,language_oriented
STU0019,ICT,ICT_Lesson_1,70.0,89.0,18.0,51.0,language_oriented
STU0020,Sinhala,Sinhala_Lesson_1,42.0,127.0,2.0,80.0,science_oriented
STU0020,Mathematics,Mathematics_Lesson_1,51.0,127.0,2.0,80.0,science_oriented
STU0020,Science,Science_Lesson_1,98.0,127.0,2.0,80.0,science_oriented
STU0020,English,English_Lesson_1,54.0,127.0,2.0,80.0,science_oriented
STU0020,History,History_Lesson_1,93.0,127.0,2.0,80.0,science_oriented
STU0020,Buddhism,Buddhism_Lesson_1,61.0,127.0,2.0,80.0,science_oriented
STU0020,Geography,Geography_Lesson_1,86.0,127.0,2.0,80.0,science_oriented
STU0020,ICT,ICT_Lesson_1,58.0,127.0,2.0,80.0,science_oriented
STU0021,Sinhala,Sinhala_Lesson_1,88.0,108.0,2.0,98.0,language_oriented
STU0021,Mathematics,Mathematics_Lesson_1,40.0,108.0,2.0,98.0,language_oriented
STU0021,Science,Science_Lesson_1,82.0,108.0,2.0,98.0,language_oriented
STU0021,English,English_Lesson_1,99.0,108.0,2.0,98.0,language_oriented
STU0021,History,History_Lesson_1,70.0,108.0,2.0,98.0,language_oriented
STU0021,Buddhism,Buddhism_Lesson_1,46.0,108.0,2.0,98.0,language_oriented
STU0021,Geography,Geography_Lesson_1,84.0,108.0,2.0,98.0,language_oriented
STU0021,ICT,ICT_Lesson_1,94.0,108.0,2.0,98.0,language_oriented
STU0022,Sinhala,Sinhala_Lesson_1,51.0,85.0,6.0,60.0,balanced
STU0022,Mathematics,Mathematics_Lesson_1,88.0,85.0,6.0,60.0,balanced
STU0022,Science,Science_Lesson_1,44.0,85.0,6.0,60.0,balanced
STU0022,English,English_Lesson_1,92.0,85.0,6.0,60.0,balanced
STU0022,History,History_Lesson_1,38.0,85.0,6.0,60.0,balanced
STU0022,Buddhism,Buddhism_Lesson_1,70.0,85.0,6.0,60.0,balanced
STU0022,Geography,Geography_Lesson_1,50.0,85.0,6.0,60.0,balanced
STU0022,ICT,ICT_Lesson_1,58.0,85.0,6.0,60.0,balanced
STU0023,Sinhala,Sinhala_Lesson_1,55.0,106.0,10.0,52.0,balanced
STU0023,Mathematics,Mathematics_Lesson_1,86.0,106.0,10.0,52.0,balanced
STU0023,Science,Science_Lesson_1,73.0,106.0,10.0,52.0,balanced
STU0023,English,English_Lesson_1,76.0,106.0,10.0,52.0,balanced
STU0023,History,History_Lesson_1,51.0,106.0,10.0,52.0,balanced
STU0023,Buddhism,Buddhism_Lesson_1,35.0,106.0,10.0,52.0,balanced
STU0023,Geography,Geography_Lesson_1,33.0,106.0,10.0,52.0,balanced
STU0023,ICT,ICT_Lesson_1,80.0,106.0,10.0,52.0,balanced
STU0024,Sinhala,Sinhala_Lesson_1,46.0,116.0,7.0,76.0,science_oriented
STU0024,Mathematics,Mathematics_Lesson_1,35.0,116.0,7.0,76.0,science_oriented
STU0024,Science,Science_Lesson_1,100.0,116.0,7.0,76.0,science_oriented
STU0024,English,English_Lesson_1,72.0,116.0,7.0,76.0,science_oriented
STU0024,History,History_Lesson_1,57.0,116.0,7.0,76.0,science_oriented
STU0024,Buddhism,Buddhism_Lesson_1,71.0,116.0,7.0,76.0,science_oriented
STU0024,Geography,Geography_Lesson_1,49.0,116.0,7.0,76.0,science_oriented
STU0024,ICT,ICT_Lesson_1,83.0,116.0,7.0,76.0,science_oriented
STU0025,Sinhala,Sinhala_Lesson_1,75.0,106.0,3.0,62.0,science_oriented
STU0025,Mathematics,Mathematics_Lesson_1,57.0,106.0,3.0,62.0,science_oriented
STU0025,Science,Science_Lesson_1,58.0,106.0,3.0,62.0,science_oriented
STU0025,English,English_Lesson_1,41.0,106.0,3.0,62.0,science_oriented
STU0025,History,History_Lesson_1,45.0,106.0,3.0,62.0,science_oriented
STU0025,Buddhism,Buddhism_Lesson_1,58.0,106.0,3.0,62.0,science_oriented
STU0025,Geography,Geography_Lesson_1,59.0,106.0,3.0,62.0,science_oriented
STU0025,ICT,ICT_Lesson_1,49.0,106.0,3.0,62.0,science_oriented
STU0026,Sinhala,Sinhala_Lesson_1,66.0,115.0,4.0,78.0,language_oriented
STU0026,Mathematics,Mathematics_Lesson_1,33.0,115.0,4.0,78.0,language_oriented
STU0026,Science,Science_Lesson_1,51.0,115.0,4.0,78.0,language_oriented
STU0026,English,English_Lesson_1,54.0,115.0,4.0,78.0,language_oriented
STU0026,History,History_Lesson_1,45.0,115.0,4.0,78.0,language_oriented
STU0026,Buddhism,Buddhism_Lesson_1,92.0,115.0,4.0,78.0,language_oriented
STU0026,Geography,Geography_Lesson_1,100.0,115.0,4.0,78.0,language_oriented
STU0026,ICT,ICT_Lesson_1,53.0,115.0,4.0,78.0,language_oriented
STU0027,Sinhala,Sinhala_Lesson_1,76.0,98.0,20.0,50.0,language_oriented
STU0027,Mathematics,Mathematics_Lesson_1,40.0,98.0,20.0,50.0,language_oriented
STU0027,Science,Science_Lesson_1,58.0,98.0,20.0,50.0,language_oriented
STU0027,English,English_Lesson_1,33.0,98.0,20.0,50.0,language_oriented
STU0027,History,History_Lesson_1,38.0,98.0,20.0,50.0,language_oriented
STU0027,Buddhism,Buddhism_Lesson_1,44.0,98.0,20.0,50.0,language_oriented
STU0027,Geography,Geography_Lesson_1,80.0,98.0,20.0,50.0,language_oriented
STU0027,ICT,ICT_Lesson_1,55.0,98.0,20.0,50.0,language_oriented
STU0028,Sinhala,Sinhala_Lesson_1,38.0,93.0,10.0,84.0,science_oriented
STU0028,Mathematics,Mathematics_Lesson_1,39.0,93.0,10.0,84.0,science_oriented
STU0028,Science,Science_Lesson_1,49.0,93.0,10.0,84.0,science_oriented
STU0028,English,English_Lesson_1,34.0,93.0,10.0,84.0,science_oriented
STU0028,History,History_Lesson_1,37.0,93.0,10.0,84.0,science_oriented
STU0028,Buddhism,Buddhism_Lesson_1,47.0,93.0,10.0,84.0,science_oriented
STU0028,Geography,Geography_Lesson_1,99.0,93.0,10.0,84.0,science_oriented
STU0028,ICT,ICT_Lesson_1,34.0,93.0,10.0,84.0,science_oriented
STU0029,Sinhala,Sinhala_Lesson_1,50.0,99.0,14.0,97.0,language_oriented
STU0029,Mathematics,Mathematics_Lesson_1,50.0,99.0,14.0,97.0,language_oriented
STU0029,Science,Science_Lesson_1,58.0,99.0,14.0,97.0,language_oriented
STU0029,English,English_Lesson_1,77.0,99.0,14.0,97.0,language_oriented
STU0029,History,History_Lesson_1,74.0,99.0,14.0,97.0,language_oriented
STU0029,Buddhism,Buddhism_Lesson_1,77.0,99.0,14.0,97.0,language_oriented
STU0029,Geography,Geography_Lesson_1,100.0,99.0,14.0,97.0,language_oriented
STU0029,ICT,ICT_Lesson_1,35.0,99.0,14.0,97.0,language_oriented
STU0030,Sinhala,Sinhala_Lesson_1,46.0,107.0,17.0,89.0,science_oriented
STU0030,Mathematics,Mathematics_Lesson_1,51.0,107.0,17.0,89.0,science_oriented
STU0030,Science,Science_Lesson_1,73.0,107.0,17.0,89.0,science_oriented
STU0030,English,English_Lesson_1,84.0,107.0,17.0,89.0,science_oriented
STU0030,History,History_Lesson_1,55.0,107.0,17.0,89.0,science_oriented
STU0030,Buddhism,Buddhism_Lesson_1,67.0,107.0,17.0,89.0,science_oriented
STU0030,Geography,Geography_Lesson_1,64.0,107.0,17.0,89.0,science_oriented
STU0030,ICT,ICT_Lesson_1,61.0,107.0,17.0,89.0,science_oriented
STU0031,Sinhala,Sinhala_Lesson_1,78.0,135.0,9.0,97.0,practical
STU0031,Mathematics,Mathematics_Lesson_1,35.0,135.0,9.0,97.0,practical
STU0031,Science,Science_Lesson_1,74.0,135.0,9.0,97.0,practical
STU0031,English,English_Lesson_1,96.0,135.0,9.0,97.0,practical
STU0031,History,History_Lesson_1,62.0,135.0,9.0,97.0,practical
STU0031,Buddhism,Buddhism_Lesson_1,53.0,135.0,9.0,97.0,practical
STU0031,Geography,Geography_Lesson_1,95.0,135.0,9.0,97.0,practical
STU0031,ICT,ICT_Lesson_1,35.0,135.0,9.0,97.0,practical
STU0032,Sinhala,Sinhala_Lesson_1,39.0,127.0,17.0,86.0,balanced
STU0032,Mathematics,Mathematics_Lesson_1,66.0,127.0,17.0,86.0,balanced
STU0032,Science,Science_Lesson_1,76.0,127.0,17.0,86.0,balanced
STU0032,English,English_Lesson_1,85.0,127.0,17.0,86.0,balanced
STU0032,History,History_Lesson_1,48.0,127.0,17.0,86.0,balanced
STU0032,Buddhism,Buddhism_Lesson_1,88.0,127.0,17.0,86.0,balanced
STU0032,Geography,Geography_Lesson_1,40.0,127.0,17.0,86.0,balanced
STU0032,ICT,ICT_Lesson_1,47.0,127.0,17.0,86.0,balanced
STU0033,Sinhala,Sinhala_Lesson_1,98.0,93.0,14.0,83.0,balanced
STU0033,Mathematics,Mathematics_Lesson_1,42.0,93.0,14.0,83.0,balanced
STU0033,Science,Science_Lesson_1,45.0,93.0,14.0,83.0,balanced
STU0033,English,English_Lesson_1,69.0,93.0,14.0,83.0,balanced
STU0033,History,History_Lesson_1,31.0,93.0,14.0,83.0,balanced
STU0033,Buddhism,Buddhism_Lesson_1,72.0,93.0,14.0,83.0,balanced
STU0033,Geography,Geography_Lesson_1,62.0,93.0,14.0,83.0,balanced
STU0033,ICT,ICT_Lesson_1,83.0,93.0,14.0,83.0,balanced
STU0034,Sinhala,Sinhala_Lesson_1,41.0,103.0,16.0,92.0,science_oriented
STU0034,Mathematics,Mathematics_Lesson_1,68.0,103.0,16.0,92.0,science_oriented
STU0034,Science,Science_Lesson_1,47.0,103.0,16.0,92.0,science_oriented
STU0034,English,English_Lesson_1,76.0,103.0,16.0,92.0,science_oriented
STU0034,History,History_Lesson_1,54.0,103.0,16.0,92.0,science_oriented
STU0034,Buddhism,Buddhism_Lesson_1,77.0,103.0,16.0,92.0,science_oriented
STU0034,Geography,Geography_Lesson_1,85.0,103.0,16.0,92.0,science_oriented
STU0034,ICT,ICT_Lesson_1,38.0,103.0,16.0,92.0,science_oriented
STU0035,Sinhala,Sinhala_Lesson_1,36.0,121.0,4.0,92.0,practical
STU0035,Mathematics,Mathematics_Lesson_1,73.0,121.0,4.0,92.0,practical
STU0035,Science,Science_Lesson_1,96.0,121.0,4.0,92.0,practical
STU0035,English,English_Lesson_1,57.0,121.0,4.0,92.0,practical
STU0035,History,History_Lesson_1,65.0,121.0,4.0,92.0,practical
STU0035,Buddhism,Buddhism_Lesson_1,80.0,121.0,4.0,92.0,practical
STU0035,Geography,Geography_Lesson_1,80.0,121.0,4.0,92.0,practical
STU0035,ICT,ICT_Lesson_1,51.0,121.0,4.0,92.0,practical
STU0036,Sinhala,Sinhala_Lesson_1,32.0,123.0,3.0,95.0,practical
STU0036,Mathematics,Mathematics_Lesson_1,78.0,123.0,3.0,95.0,practical
STU0036,Science,Science_Lesson_1,83.0,123.0,3.0,95.0,practical
STU0036,English,English_Lesson_1,48.0,123.0,3.0,95.0,practical
STU0036,History,History_Lesson_1,95.0,123.0,3.0,95.0,practical
STU0036,Buddhism,Buddhism_Lesson_1,87.0,123.0,3.0,95.0,practical
STU0036,Geography,Geography_Lesson_1,90.0,123.0,3.0,95.0,practical
STU0036,ICT,ICT_Lesson_1,60.0,123.0,3.0,95.0,practical
STU0037,Sinhala,Sinhala_Lesson_1,45.0,111.0,7.0,73.0,balanced
STU0037,Mathematics,Mathematics_Lesson_1,60.0,111.0,7.0,73.0,balanced
STU0037,Science,Science_Lesson_1,46.0,111.0,7.0,73.0,balanced
STU0037,English,English_Lesson_1,66.0,111.0,7.0,73.0,balanced
STU0037,History,History_Lesson_1,30.0,111.0,7.0,73.0,balanced
STU0037,Buddhism,Buddhism_Lesson_1,51.0,111.0,7.0,73.0,balanced
STU0037,Geography,Geography_Lesson_1,95.0,111.0,7.0,73.0,balanced
STU0037,ICT,ICT_Lesson_1,77.0,111.0,7.0,73.0,balanced
STU0038,Sinhala,Sinhala_Lesson_1,59.0,139.0,17.0,50.0,balanced
STU0038,Mathematics,Mathematics_Lesson_1,44.0,139.0,17.0,50.0,balanced
STU0038,Science,Science_Lesson_1,66.0,139.0,17.0,50.0,balanced
STU0038,English,English_Lesson_1,54.0,139.0,17.0,50.0,balanced
STU0038,History,History_Lesson_1,42.0,139.0,17.0,50.0,balanced
STU0038,Buddhism,Buddhism_Lesson_1,50.0,139.0,17.0,50.0,balanced
STU0038,Geography,Geography_Lesson_1,70.0,139.0,17.0,50.0,balanced
STU0038,ICT,ICT_Lesson_1,80.0,139.0,17.0,50.0,balanced
STU0039,Sinhala,Sinhala_Lesson_1,59.0,105.0,18.0,67.0,language_oriented
STU0039,Mathematics,Mathematics_Lesson_1,98.0,105.0,18.0,67.0,language_oriented
STU0039,Science,Science_Lesson_1,85.0,105.0,18.0,67.0,language_oriented
STU0039,English,English_Lesson_1,38.0,105.0,18.0,67.0,language_oriented
STU0039,History,History_Lesson_1,63.0,105.0,18.0,67.0,language_oriented
STU0039,Buddhism,Buddhism_Lesson_1,94.0,105.0,18.0,67.0,language_oriented
STU0039,Geography,Geography_Lesson_1,100.0,105.0,18.0,67.0,language_oriented
STU0039,ICT,ICT_Lesson_1,96.0,105.0,18.0,67.0,language_oriented
STU0040,Sinhala,Sinhala_Lesson_1,51.0,108.0,16.0,100.0,science_oriented
STU0040,Mathematics,Mathematics_Lesson_1,36.0,108.0,16.0,100.0,science_oriented
STU0040,Science,Science_Lesson_1,82.0,108.0,16.0,100.0,science_oriented
STU0040,English,English_Lesson_1,35.0,108.0,16.0,100.0,science_oriented
STU0040,History,History_Lesson_1,86.0,108.0,16.0,100.0,science_oriented
STU0040,Buddhism,Buddhism_Lesson_1,93.0,108.0,16.0,100.0,science_oriented
STU0040,Geography,Geography_Lesson_1,51.0,108.0,16.0,100.0,science_oriented
STU0040,ICT,ICT_Lesson_1,97.0,108.0,16.0,100.0,science_oriented
STU0041,Sinhala,Sinhala_Lesson_1,40.0,133.0,18.0,75.0,balanced
STU0041,Mathematics,Mathematics_Lesson_1,77.0,133.0,18.0,75.0,balanced
STU0041,Science,Science_Lesson_1,37.0,133.0,18.0,75.0,balanced
STU0041,English,English_Lesson_1,76.0,133.0,18.0,75.0,balanced
STU0041,History,History_Lesson_1,50.0,133.0,18.0,75.0,balanced
STU0041,Buddhism,Buddhism_Lesson_1,50.0,133.0,18.0,75.0,balanced
STU0041,Geography,Geography_Lesson_1,82.0,133.0,18.0,75.0,balanced
STU0041,ICT,ICT_Lesson_1,45.0,133.0,18.0,75.0,balanced
STU0042,Sinhala,Sinhala_Lesson_1,76.0,93.0,19.0,94.0,language_oriented
STU0042,Mathematics,Mathematics_Lesson_1,52.0,93.0,19.0,94.0,language_oriented
STU0042,Science,Science_Lesson_1,87.0,93.0,19.0,94.0,language_oriented
STU0042,English,English_Lesson_1,45.0,93.0,19.0,94.0,language_oriented
STU0042,History,History_Lesson_1,73.0,93.0,19.0,94.0,language_oriented
STU0042,Buddhism,Buddhism_Lesson_1,30.0,93.0,19.0,94.0,language_oriented
STU0042,Geography,Geography_Lesson_1,69.0,93.0,19.0,94.0,language_oriented
STU0042,ICT,ICT_Lesson_1,39.0,93.0,19.0,94.0,language_oriented
STU0043,Sinhala,Sinhala_Lesson_1,52.0,115.0,10.0,63.0,science_oriented
STU0043,Mathematics,Mathematics_Lesson_1,36.0,115.0,10.0,63.0,science_oriented
STU0043,Science,Science_Lesson_1,61.0,115.0,10.0,63.0,science_oriented
STU0043,English,English_Lesson_1,93.0,115.0,10.0,63.0,science_oriented
STU0043,History,History_Lesson_1,88.0,115.0,10.0,63.0,science_oriented
STU0043,Buddhism,Buddhism_Lesson_1,77.0,115.0,10.0,63.0,science_oriented
STU0043,Geography,Geography_Lesson_1,82.0,115.0,10.0,63.0,science_oriented
STU0043,ICT,ICT_Lesson_1,95.0,115.0,10.0,63.0,science_oriented
STU0044,Sinhala,Sinhala_Lesson_1,96.0,132.0,8.0,61.0,science_oriented
STU0044,Mathematics,Mathematics_Lesson_1,59.0,132.0,8.0,61.0,science_oriented
STU0044,Science,Science_Lesson_1,38.0,132.0,8.0,61.0,science_oriented
STU0044,English,English_Lesson_1,70.0,132.0,8.0,61.0,science_oriented
STU0044,History,History_Lesson_1,48.0,132.0,8.0,61.0,science_oriented
STU0044,Buddhism,Buddhism_Lesson_1,81.0,132.0,8.0,61.0,science_oriented
STU0044,Geography,Geography_Lesson_1,51.0,132.0,8.0,61.0,science_oriented
STU0044,ICT,ICT_Lesson_1,49.0,132.0,8.0,61.0,science_oriented
STU0045,Sinhala,Sinhala_Lesson_1,41.0,86.0,4.0,51.0,science_oriented
STU0045,Mathematics,Mathematics_Lesson_1,85.0,86.0,4.0,51.0,science_oriented
STU0045,Science,Science_Lesson_1,66.0,86.0,4.0,51.0,science_oriented
STU0045,English,English_Lesson_1,82.0,86.0,4.0,51.0,science_oriented
STU0045,History,History_Lesson_1,52.0,86.0,4.0,51.0,science_oriented
STU0045,Buddhism,Buddhism_Lesson_1,37.0,86.0,4.0,51.0,science_oriented
STU0045,Geography,Geography_Lesson_1,74.0,86.0,4.0,51.0,science_oriented
STU0045,ICT,ICT_Lesson_1,100.0,86.0,4.0,51.0,science_oriented
STU0046,Sinhala,Sinhala_Lesson_1,96.0,125.0,7.0,55.0,practical
STU0046,Mathematics,Mathematics_Lesson_1,31.0,125.0,7.0,55.0,practical
STU0046,Science,Science_Lesson_1,53.0,125.0,7.0,55.0,practical
STU0046,English,English_Lesson_1,95.0,125.0,7.0,55.0,practical
STU0046,History,History_Lesson_1,84.0,125.0,7.0,55.0,practical
STU0046,Buddhism,Buddhism_Lesson_1,80.0,125.0,7.0,55.0,practical
STU0046,Geography,Geography_Lesson_1,41.0,125.0,7.0,55.0,practical
STU0046,ICT,ICT_Lesson_1,59.0,125.0,7.0,55.0,practical
STU0047,Sinhala,Sinhala_Lesson_1,96.0,134.0,20.0,90.0,science_oriented
STU0047,Mathematics,Mathematics_Lesson_1,30.0,134.0,20.0,90.0,science_oriented
STU0047,Science,Science_Lesson_1,49.0,134.0,20.0,90.0,science_oriented
STU0047,English,English_Lesson_1,84.0,134.0,20.0,90.0,science_oriented
STU0047,History,History_Lesson_1,58.0,134.0,20.0,90.0,science_oriented
STU0047,Buddhism,Buddhism_Lesson_1,37.0,134.0,20.0,90.0,science_oriented
STU0047,Geography,Geography_Lesson_1,43.0,134.0,20.0,90.0,science_oriented
STU0047,ICT,ICT_Lesson_1,95.0,134.0,20.0,90.0,science_oriented
STU0048,Sinhala,Sinhala_Lesson_1,74.0,96.0,3.0,96.0,science_oriented
STU0048,Mathematics,Mathematics_Lesson_1,50.0,96.0,3.0,96.0,science_oriented
STU0048,Science,Science_Lesson_1,90.0,96.0,3.0,96.0,science_oriented
STU0048,English,English_Lesson_1,86.0,96.0,3.0,96.0,science_oriented
STU0048,History,History_Lesson_1,90.0,96.0,3.0,96.0,science_oriented
STU0048,Buddhism,Buddhism_Lesson_1,44.0,96.0,3.0,96.0,science_oriented
STU0048,Geography,Geography_Lesson_1,79.0,96.0,3.0,96.0,science_oriented
STU0048,ICT,ICT_Lesson_1,92.0,96.0,3.0,96.0,science_oriented
STU0049,Sinhala,Sinhala_Lesson_1,77.0,123.0,7.0,65.0,science_oriented
STU0049,Mathematics,Mathematics_Lesson_1,52.0,123.0,7.0,65.0,science_oriented
STU0049,Science,Science_Lesson_1,92.0,123.0,7.0,65.0,science_oriented
STU0049,English,English_Lesson_1,63.0,123.0,7.0,65.0,science_oriented
STU0049,History,History_Lesson_1,60.0,123.0,7.0,65.0,science_oriented
STU0049,Buddhism,Buddhism_Lesson_1,88.0,123.0,7.0,65.0,science_oriented
STU0049,Geography,Geography_Lesson_1,32.0,123.0,7.0,65.0,science_oriented
STU0049,ICT,ICT_Lesson_1,65.0,123.0,7.0,65.0,science_oriented
STU0050,Sinhala,Sinhala_Lesson_1,77.0,140.0,9.0,94.0,practical
STU0050,Mathematics,Mathematics_Lesson_1,83.0,140.0,9.0,94.0,practical
STU0050,Science,Science_Lesson_1,100.0,140.0,9.0,94.0,practical
STU0050,English,English_Lesson_1,83.0,140.0,9.0,94.0,practical
STU0050,History,History_Lesson_1,94.0,140.0,9.0,94.0,practical
STU0050,Buddhism,Buddhism_Lesson_1,98.0,140.0,9.0,94.0,practical
STU0050,Geography,Geography_Lesson_1,33.0,140.0,9.0,94.0,practical
STU0050,ICT,ICT_Lesson_1,58.0,140.0,9.0,94.0,practical
STU0051,Sinhala,Sinhala_Lesson_1,68.0,131.0,2.0,100.0,balanced
STU0051,Mathematics,Mathematics_Lesson_1,94.0,131.0,2.0,100.0,balanced
STU0051,Science,Science_Lesson_1,91.0,131.0,2.0,100.0,balanced
STU0051,English,English_Lesson_1,100.0,131.0,2.0,100.0,balanced
STU0051,History,History_Lesson_1,62.0,131.0,2.0,100.0,balanced
STU0051,Buddhism,Buddhism_Lesson_1,65.0,131.0,2.0,100.0,balanced
STU0051,Geography,Geography_Lesson_1,91.0,131.0,2.0,100.0,balanced
STU0051,ICT,ICT_Lesson_1,68.0,131.0,2.0,100.0,balanced
STU0052,Sinhala,Sinhala_Lesson_1,72.0,107.0,7.0,51.0,balanced
STU0052,Mathematics,Mathematics_Lesson_1,47.0,107.0,7.0,51.0,balanced
STU0052,Science,Science_Lesson_1,76.0,107.0,7.0,51.0,balanced
STU0052,English,English_Lesson_1,58.0,107.0,7.0,51.0,balanced
STU0052,History,History_Lesson_1,59.0,107.0,7.0,51.0,balanced
STU0052,Buddhism,Buddhism_Lesson_1,32.0,107.0,7.0,51.0,balanced
STU0052,Geography,Geography_Lesson_1,88.0,107.0,7.0,51.0,balanced
STU0052,ICT,ICT_Lesson_1,63.0,107.0,7.0,51.0,balanced
STU0053,Sinhala,Sinhala_Lesson_1,74.0,125.0,17.0,88.0,balanced
STU0053,Mathematics,Mathematics_Lesson_1,77.0,125.0,17.0,88.0,balanced
STU0053,Science,Science_Lesson_1,68.0,125.0,17.0,88.0,balanced
STU0053,English,English_Lesson_1,91.0,125.0,17.0,88.0,balanced
STU0053,History,History_Lesson_1,68.0,125.0,17.0,88.0,balanced
STU0053,Buddhism,Buddhism_Lesson_1,73.0,125.0,17.0,88.0,balanced
STU0053,Geography,Geography_Lesson_1,76.0,125.0,17.0,88.0,balanced
STU0053,ICT,ICT_Lesson_1,63.0,125.0,17.0,88.0,balanced
STU0054,Sinhala,Sinhala_Lesson_1,66.0,88.0,19.0,64.0,language_oriented
STU0054,Mathematics,Mathematics_Lesson_1,59.0,88.0,19.0,64.0,language_oriented
STU0054,Science,Science_Lesson_1,33.0,88.0,19.0,64.0,language_oriented
STU0054,English,English_Lesson_1,43.0,88.0,19.0,64.0,language_oriented
STU0054,History,History_Lesson_1,53.0,88.0,19.0,64.0,language_oriented
STU0054,Buddhism,Buddhism_Lesson_1,63.0,88.0,19.0,64.0,language_oriented
STU0054,Geography,Geography_Lesson_1,31.0,88.0,19.0,64.0,language_oriented
STU0054,ICT,ICT_Lesson_1,75.0,88.0,19.0,64.0,language_oriented
STU0055,Sinhala,Sinhala_Lesson_1,100.0,106.0,11.0,77.0,practical
STU0055,Mathematics,Mathematics_Lesson_1,41.0,106.0,11.0,77.0,practical
STU0055,Science,Science_Lesson_1,63.0,106.0,11.0,77.0,practical
STU0055,English,English_Lesson_1,74.0,106.0,11.0,77.0,practical
STU0055,History,History_Lesson_1,56.0,106.0,11.0,77.0,practical
STU0055,Buddhism,Buddhism_Lesson_1,65.0,106.0,11.0,77.0,practical
STU0055,Geography,Geography_Lesson_1,74.0,106.0,11.0,77.0,practical
STU0055,ICT,ICT_Lesson_1,45.0,106.0,11.0,77.0,practical
STU0056,Sinhala,Sinhala_Lesson_1,98.0,103.0,17.0,53.0,balanced
STU0056,Mathematics,Mathematics_Lesson_1,53.0,103.0,17.0,53.0,balanced
STU0056,Science,Science_Lesson_1,78.0,103.0,17.0,53.0,balanced
STU0056,English,English_Lesson_1,99.0,103.0,17.0,53.0,balanced
STU0056,History,History_Lesson_1,87.0,103.0,17.0,53.0,balanced
STU0056,Buddhism,Buddhism_Lesson_1,36.0,103.0,17.0,53.0,balanced
STU0056,Geography,Geography_Lesson_1,43.0,103.0,17.0,53.0,balanced
STU0056,ICT,ICT_Lesson_1,72.0,103.0,17.0,53.0,balanced
STU0057,Sinhala,Sinhala_Lesson_1,74.0,133.0,16.0,72.0,science_oriented
STU0057,Mathematics,Mathematics_Lesson_1,78.0,133.0,16.0,72.0,science_oriented
STU0057,Science,Science_Lesson_1,87.0,133.0,16.0,72.0,science_oriented
STU0057,English,English_Lesson_1,43.0,133.0,16.0,72.0,science_oriented
STU0057,History,History_Lesson_1,84.0,133.0,16.0,72.0,science_oriented
STU0057,Buddhism,Buddhism_Lesson_1,80.0,133.0,16.0,72.0,science_oriented
STU0057,Geography,Geography_Lesson_1,87.0,133.0,16.0,72.0,science_oriented
STU0057,ICT,ICT_Lesson_1,76.0,133.0,16.0,72.0,science_oriented
STU0058,Sinhala,Sinhala_Lesson_1,87.0,106.0,10.0,63.0,science_oriented
STU0058,Mathematics,Mathematics_Lesson_1,99.0,106.0,10.0,63.0,science_oriented
STU0058,Science,Science_Lesson_1,87.0,106.0,10.0,63.0,science_oriented
STU0058,English,English_Lesson_1,88.0,106.0,10.0,63.0,science_oriented
STU0058,History,History_Lesson_1,36.0,106.0,10.0,63.0,science_oriented
STU0058,Buddhism,Buddhism_Lesson_1,72.0,106.0,10.0,63.0,science_oriented
STU0058,Geography,Geography_Lesson_1,46.0,106.0,10.0,63.0,science_oriented
STU0058,ICT,ICT_Lesson_1,54.0,106.0,10.0,63.0,science_oriented
STU0059,Sinhala,Sinhala_Lesson_1,87.0,119.0,14.0,58.0,science_oriented
STU0059,Mathematics,Mathematics_Lesson_1,54.0,119.0,14.0,58.0,science_oriented
STU0059,Science,Science_Lesson_1,61.0,119.0,14.0,58.0,science_oriented
STU0059,English,English_Lesson_1,91.0,119.0,14.0,58.0,science_oriented
STU0059,History,History_Lesson_1,64.0,119.0,14.0,58.0,science_oriented
STU0059,Buddhism,Buddhism_Lesson_1,75.0,119.0,14.0,58.0,science_oriented
STU0059,Geography,Geography_Lesson_1,50.0,119.0,14.0,58.0,science_oriented
STU0059,ICT,ICT_Lesson_1,97.0,119.0,14.0,58.0,science_oriented
STU0060,Sinhala,Sinhala_Lesson_1,90.0,111.0,6.0,61.0,balanced
STU0060,Mathematics,Mathematics_Lesson_1,73.0,111.0,6.0,61.0,balanced
STU0060,Science,Science_Lesson_1,82.0,111.0,6.0,61.0,balanced
STU0060,English,English_Lesson_1,49.0,111.0,6.0,61.0,balanced
STU0060,History,History_Lesson_1,39.0,111.0,6.0,61.0,balanced
STU0060,Buddhism,Buddhism_Lesson_1,67.0,111.0,6.0,61.0,balanced
STU0060,Geography,Geography_Lesson_1,37.0,111.0,6.0,61.0,balanced
STU0060,ICT,ICT_Lesson_1,51.0,111.0,6.0,61.0,balanced
STU0061,Sinhala,Sinhala_Lesson_1,52.0,105.0,16.0,84.0,balanced
STU0061,Mathematics,Mathematics_Lesson_1,97.0,105.0,16.0,84.0,balanced
STU0061,Science,Science_Lesson_1,56.0,105.0,16.0,84.0,balanced
STU0061,English,English_Lesson_1,47.0,105.0,16.0,84.0,balanced
STU0061,History,History_Lesson_1,82.0,105.0,16.0,84.0,balanced
STU0061,Buddhism,Buddhism_Lesson_1,43.0,105.0,16.0,84.0,balanced
STU0061,Geography,Geography_Lesson_1,43.0,105.0,16.0,84.0,balanced
STU0061,ICT,ICT_Lesson_1,56.0,105.0,16.0,84.0,balanced
STU0062,Sinhala,Sinhala_Lesson_1,73.0,93.0,13.0,50.0,language_oriented
STU0062,Mathematics,Mathematics_Lesson_1,66.0,93.0,13.0,50.0,language_oriented
STU0062,Science,Science_Lesson_1,35.0,93.0,13.0,50.0,language_oriented
STU0062,English,English_Lesson_1,61.0,93.0,13.0,50.0,language_oriented
STU0062,History,History_Lesson_1,61.0,93.0,13.0,50.0,language_oriented
STU0062,Buddhism,Buddhism_Lesson_1,85.0,93.0,13.0,50.0,language_oriented
STU0062,Geography,Geography_Lesson_1,62.0,93.0,13.0,50.0,language_oriented
STU0062,ICT,ICT_Lesson_1,38.0,93.0,13.0,50.0,language_oriented
STU0063,Sinhala,Sinhala_Lesson_1,85.0,91.0,8.0,96.0,practical
STU0063,Mathematics,Mathematics_Lesson_1,68.0,91.0,8.0,96.0,practical
STU0063,Science,Science_Lesson_1,93.0,91.0,8.0,96.0,practical
STU0063,English,English_Lesson_1,44.0,91.0,8.0,96.0,practical
STU0063,History,History_Lesson_1,71.0,91.0,8.0,96.0,practical
STU0063,Buddhism,Buddhism_Lesson_1,60.0,91.0,8.0,96.0,practical
STU0063,Geography,Geography_Lesson_1,61.0,91.0,8.0,96.0,practical
STU0063,ICT,ICT_Lesson_1,39.0,91.0,8.0,96.0,practical
STU0064,Sinhala,Sinhala_Lesson_1,77.0,131.0,20.0,85.0,balanced
STU0064,Mathematics,Mathematics_Lesson_1,65.0,131.0,20.0,85.0,balanced
STU0064,Science,Science_Lesson_1,66.0,131.0,20.0,85.0,balanced
STU0064,English,English_Lesson_1,31.0,131.0,20.0,85.0,balanced
STU0064,History,History_Lesson_1,97.0,131.0,20.0,85.0,balanced
STU0064,Buddhism,Buddhism_Lesson_1,97.0,131.0,20.0,85.0,balanced
STU0064,Geography,Geography_Lesson_1,83.0,131.0,20.0,85.0,balanced
STU0064,ICT,ICT_Lesson_1,93.0,131.0,20.0,85.0,balanced
STU0065,Sinhala,Sinhala_Lesson_1,38.0,125.0,17.0,68.0,language_oriented
STU0065,Mathematics,Mathematics_Lesson_1,100.0,125.0,17.0,68.0,language_oriented
STU0065,Science,Science_Lesson_1,84.0,125.0,17.0,68.0,language_oriented
STU0065,English,English_Lesson_1,60.0,125.0,17.0,68.0,language_oriented
STU0065,History,History_Lesson_1,50.0,125.0,17.0,68.0,language_oriented
STU0065,Buddhism,Buddhism_Lesson_1,36.0,125.0,17.0,68.0,language_oriented
STU0065,Geography,Geography_Lesson_1,90.0,125.0,17.0,68.0,language_oriented
STU0065,ICT,ICT_Lesson_1,75.0,125.0,17.0,68.0,language_oriented
STU0066,Sinhala,Sinhala_Lesson_1,38.0,123.0,9.0,66.0,language_oriented
STU0066,Mathematics,Mathematics_Lesson_1,66.0,123.0,9.0,66.0,language_oriented
STU0066,Science,Science_Lesson_1,56.0,123.0,9.0,66.0,language_oriented
STU0066,English,English_Lesson_1,45.0,123.0,9.0,66.0,language_oriented
STU0066,History,History_Lesson_1,70.0,123.0,9.0,66.0,language_oriented
STU0066,Buddhism,Buddhism_Lesson_1,39.0,123.0,9.0,66.0,language_oriented
STU0066,Geography,Geography_Lesson_1,32.0,123.0,9.0,66.0,language_oriented
STU0066,ICT,ICT_Lesson_1,83.0,123.0,9.0,66.0,language_oriented
STU0067,Sinhala,Sinhala_Lesson_1,59.0,119.0,19.0,78.0,science_oriented
STU0067,Mathematics,Mathematics_Lesson_1,95.0,119.0,19.0,78.0,science_oriented
STU0067,Science,Science_Lesson_1,49.0,119.0,19.0,78.0,science_oriented
STU0067,English,English_Lesson_1,68.0,119.0,19.0,78.0,science_oriented
STU0067,History,History_Lesson_1,56.0,119.0,19.0,78.0,science_oriented
STU0067,Buddhism,Buddhism_Lesson_1,53.0,119.0,19.0,78.0,science_oriented
STU0067,Geography,Geography_Lesson_1,88.0,119.0,19.0,78.0,science_oriented
STU0067,ICT,ICT_Lesson_1,81.0,119.0,19.0,78.0,science_oriented
STU0068,Sinhala,Sinhala_Lesson_1,90.0,93.0,19.0,95.0,science_oriented
STU0068,Mathematics,Mathematics_Lesson_1,43.0,93.0,19.0,95.0,science_oriented
STU0068,Science,Science_Lesson_1,99.0,93.0,19.0,95.0,science_oriented
STU0068,English,English_Lesson_1,98.0,93.0,19.0,95.0,science_oriented
STU0068,History,History_Lesson_1,99.0,93.0,19.0,95.0,science_oriented
STU0068,Buddhism,Buddhism_Lesson_1,89.0,93.0,19.0,95.0,science_oriented
STU0068,Geography,Geography_Lesson_1,78.0,93.0,19.0,95.0,science_oriented
STU0068,ICT,ICT_Lesson_1,83.0,93.0,19.0,95.0,science_oriented
STU0069,Sinhala,Sinhala_Lesson_1,76.0,105.0,12.0,74.0,balanced
STU0069,Mathematics,Mathematics_Lesson_1,47.0,105.0,12.0,74.0,balanced
STU0069,Science,Science_Lesson_1,47.0,105.0,12.0,74.0,balanced
STU0069,English,English_Lesson_1,41.0,105.0,12.0,74.0,balanced
STU0069,History,History_Lesson_1,42.0,105.0,12.0,74.0,balanced
STU0069,Buddhism,Buddhism_Lesson_1,94.0,105.0,12.0,74.0,balanced
STU0069,Geography,Geography_Lesson_1,34.0,105.0,12.0,74.0,balanced
STU0069,ICT,ICT_Lesson_1,90.0,105.0,12.0,74.0,balanced
STU0070,Sinhala,Sinhala_Lesson_1,41.0,98.0,11.0,58.0,balanced
STU0070,Mathematics,Mathematics_Lesson_1,56.0,98.0,11.0,58.0,balanced
STU0070,Science,Science_Lesson_1,41.0,98.0,11.0,58.0,balanced
STU0070,English,English_Lesson_1,73.0,98.0,11.0,58.0,balanced
STU0070,History,History_Lesson_1,56.0,98.0,11.0,58.0,balanced
STU0070,Buddhism,Buddhism_Lesson_1,83.0,98.0,11.0,58.0,balanced
STU0070,Geography,Geography_Lesson_1,32.0,98.0,11.0,58.0,balanced
STU0070,ICT,ICT_Lesson_1,79.0,98.0,11.0,58.0,balanced
STU0071,Sinhala,Sinhala_Lesson_1,66.0,113.0,16.0,57.0,language_oriented
STU0071,Mathematics,Mathematics_Lesson_1,38.0,113.0,16.0,57.0,language_oriented
STU0071,Science,Science_Lesson_1,70.0,113.0,16.0,57.0,language_oriented
STU0071,English,English_Lesson_1,90.0,113.0,16.0,57.0,language_oriented
STU0071,History,History_Lesson_1,55.0,113.0,16.0,57.0,language_oriented
STU0071,Buddhism,Buddhism_Lesson_1,53.0,113.0,16.0,57.0,language_oriented
STU0071,Geography,Geography_Lesson_1,50.0,113.0,16.0,57.0,language_oriented
STU0071,ICT,ICT_Lesson_1,37.0,113.0,16.0,57.0,language_oriented
STU0072,Sinhala,Sinhala_Lesson_1,61.0,135.0,5.0,84.0,science_oriented
STU0072,Mathematics,Mathematics_Lesson_1,80.0,135.0,5.0,84.0,science_oriented
STU0072,Science,Science_Lesson_1,56.0,135.0,5.0,84.0,science_oriented
STU0072,English,English_Lesson_1,76.0,135.0,5.0,84.0,science_oriented
STU0072,History,History_Lesson_1,86.0,135.0,5.0,84.0,science_oriented
STU0072,Buddhism,Buddhism_Lesson_1,61.0,135.0,5.0,84.0,science_oriented
STU0072,Geography,Geography_Lesson_1,71.0,135.0,5.0,84.0,science_oriented
STU0072,ICT,ICT_Lesson_1,36.0,135.0,5.0,84.0,science_oriented
STU0073,Sinhala,Sinhala_Lesson_1,71.0,117.0,19.0,77.0,language_oriented
STU0073,Mathematics,Mathematics_Lesson_1,89.0,117.0,19.0,77.0,language_oriented
STU0073,Science,Science_Lesson_1,53.0,117.0,19.0,77.0,language_oriented
STU0073,English,English_Lesson_1,71.0,117.0,19.0,77.0,language_oriented
STU0073,History,History_Lesson_1,86.0,117.0,19.0,77.0,language_oriented
STU0073,Buddhism,Buddhism_Lesson_1,38.0,117.0,19.0,77.0,language_oriented
STU0073,Geography,Geography_Lesson_1,50.0,117.0,19.0,77.0,language_oriented
STU0073,ICT,ICT_Lesson_1,33.0,117.0,19.0,77.0,language_oriented
STU0074,Sinhala,Sinhala_Lesson_1,74.0,87.0,7.0,75.0,practical
STU0074,Mathematics,Mathematics_Lesson_1,77.0,87.0,7.0,75.0,practical
STU0074,Science,Science_Lesson_1,41.0,87.0,7.0,75.0,practical
STU0074,English,English_Lesson_1,77.0,87.0,7.0,75.0,practical
STU0074,History,History_Lesson_1,68.0,87.0,7.0,75.0,practical
STU0074,Buddhism,Buddhism_Lesson_1,61.0,87.0,7.0,75.0,practical
STU0074,Geography,Geography_Lesson_1,61.0,87.0,7.0,75.0,practical
STU0074,ICT,ICT_Lesson_1,30.0,87.0,7.0,75.0,practical
STU0075,Sinhala,Sinhala_Lesson_1,41.0,109.0,7.0,54.0,practical
STU0075,Mathematics,Mathematics_Lesson_1,56.0,109.0,7.0,54.0,practical
STU0075,Science,Science_Lesson_1,79.0,109.0,7.0,54.0,practical
STU0075,English,English_Lesson_1,57.0,109.0,7.0,54.0,practical
STU0075,History,History_Lesson_1,34.0,109.0,7.0,54.0,practical
STU0075,Buddhism,Buddhism_Lesson_1,54.0,109.0,7.0,54.0,practical
STU0075,Geography,Geography_Lesson_1,74.0,109.0,7.0,54.0,practical
STU0075,ICT,ICT_Lesson_1,85.0,109.0,7.0,54.0,practical
STU0076,Sinhala,Sinhala_Lesson_1,84.0,97.0,12.0,59.0,science_oriented
STU0076,Mathematics,Mathematics_Lesson_1,81.0,97.0,12.0,59.0,science_oriented
STU0076,Science,Science_Lesson_1,93.0,97.0,12.0,59.0,science_oriented
STU0076,English,English_Lesson_1,65.0,97.0,12.0,59.0,science_oriented
STU0076,History,History_Lesson_1,85.0,97.0,12.0,59.0,science_oriented
STU0076,Buddhism,Buddhism_Lesson_1,74.0,97.0,12.0,59.0,science_oriented
STU0076,Geography,Geography_Lesson_1,74.0,97.0,12.0,59.0,science_oriented
STU0076,ICT,ICT_Lesson_1,30.0,97.0,12.0,59.0,science_oriented
STU0077,Sinhala,Sinhala_Lesson_1,65.0,138.0,11.0,98.0,science_oriented
STU0077,Mathematics,Mathematics_Lesson_1,80.0,138.0,11.0,98.0,science_oriented
STU0077,Science,Science_Lesson_1,74.0,138.0,11.0,98.0,science_oriented
STU0077,English,English_Lesson_1,74.0,138.0,11.0,98.0,science_oriented
STU0077,History,History_Lesson_1,48.0,138.0,11.0,98.0,science_oriented
STU0077,Buddhism,Buddhism_Lesson_1,78.0,138.0,11.0,98.0,science_oriented
STU0077,Geography,Geography_Lesson_1,87.0,138.0,11.0,98.0,science_oriented
STU0077,ICT,ICT_Lesson_1,42.0,138.0,11.0,98.0,science_oriented
STU0078,Sinhala,Sinhala_Lesson_1,67.0,101.0,8.0,72.0,language_oriented
STU0078,Mathematics,Mathematics_Lesson_1,57.0,101.0,8.0,72.0,language_oriented
STU0078,Science,Science_Lesson_1,31.0,101.0,8.0,72.0,language_oriented
STU0078,English,English_Lesson_1,81.0,101.0,8.0,72.0,language_oriented
STU0078,History,History_Lesson_1,82.0,101.0,8.0,72.0,language_oriented
STU0078,Buddhism,Buddhism_Lesson_1,91.0,101.0,8.0,72.0,language_oriented
STU0078,Geography,Geography_Lesson_1,69.0,101.0,8.0,72.0,language_oriented
STU0078,ICT,ICT_Lesson_1,66.0,101.0,8.0,72.0,language_oriented
STU0079,Sinhala,Sinhala_Lesson_1,58.0,104.0,12.0,50.0,science_oriented
STU0079,Mathematics,Mathematics_Lesson_1,53.0,104.0,12.0,50.0,science_oriented
STU0079,Science,Science_Lesson_1,81.0,104.0,12.0,50.0,science_oriented
STU0079,English,English_Lesson_1,33.0,104.0,12.0,50.0,science_oriented
STU0079,History,History_Lesson_1,33.0,104.0,12.0,50.0,science_oriented
STU0079,Buddhism,Buddhism_Lesson_1,97.0,104.0,12.0,50.0,science_oriented
STU0079,Geography,Geography_Lesson_1,85.0,104.0,12.0,50.0,science_oriented
STU0079,ICT,ICT_Lesson_1,51.0,104.0,12.0,50.0,science_oriented
STU0080,Sinhala,Sinhala_Lesson_1,88.0,97.0,6.0,69.0,science_oriented
STU0080,Mathematics,Mathematics_Lesson_1,38.0,97.0,6.0,69.0,science_oriented
STU0080,Science,Science_Lesson_1,83.0,97.0,6.0,69.0,science_oriented
STU0080,English,English_Lesson_1,97.0,97.0,6.0,69.0,science_oriented
STU0080,History,History_Lesson_1,85.0,97.0,6.0,69.0,science_oriented
STU0080,Buddhism,Buddhism_Lesson_1,88.0,97.0,6.0,69.0,science_oriented
STU0080,Geography,Geography_Lesson_1,50.0,97.0,6.0,69.0,science_oriented
STU0080,ICT,ICT_Lesson_1,81.0,97.0,6.0,69.0,science_oriented
STU0081,Sinhala,Sinhala_Lesson_1,82.0,111.0,9.0,83.0,science_oriented
STU0081,Mathematics,Mathematics_Lesson_1,46.0,111.0,9.0,83.0,science_oriented
STU0081,Science,Science_Lesson_1,48.0,111.0,9.0,83.0,science_oriented
STU0081,English,English_Lesson_1,92.0,111.0,9.0,83.0,science_oriented
STU0081,History,History_Lesson_1,88.0,111.0,9.0,83.0,science_oriented
STU0081,Buddhism,Buddhism_Lesson_1,41.0,111.0,9.0,83.0,science_oriented
STU0081,Geography,Geography_Lesson_1,53.0,111.0,9.0,83.0,science_oriented
STU0081,ICT,ICT_Lesson_1,39.0,111.0,9.0,83.0,science_oriented
STU0082,Sinhala,Sinhala_Lesson_1,41.0,131.0,10.0,79.0,language_oriented
STU0082,Mathematics,Mathematics_Lesson_1,36.0,131.0,10.0,79.0,language_oriented
STU0082,Science,Science_Lesson_1,79.0,131.0,10.0,79.0,language_oriented
STU0082,English,English_Lesson_1,37.0,131.0,10.0,79.0,language_oriented
STU0082,History,History_Lesson_1,96.0,131.0,10.0,79.0,language_oriented
STU0082,Buddhism,Buddhism_Lesson_1,62.0,131.0,10.0,79.0,language_oriented
STU0082,Geography,Geography_Lesson_1,43.0,131.0,10.0,79.0,language_oriented
STU0082,ICT,ICT_Lesson_1,98.0,131.0,10.0,79.0,language_oriented
STU0083,Sinhala,Sinhala_Lesson_1,39.0,106.0,17.0,57.0,science_oriented
STU0083,Mathematics,Mathematics_Lesson_1,88.0,106.0,17.0,57.0,science_oriented
STU0083,Science,Science_Lesson_1,31.0,106.0,17.0,57.0,science_oriented
STU0083,English,English_Lesson_1,67.0,106.0,17.0,57.0,science_oriented
STU0083,History,History_Lesson_1,34.0,106.0,17.0,57.0,science_oriented
STU0083,Buddhism,Buddhism_Lesson_1,86.0,106.0,17.0,57.0,science_oriented
STU0083,Geography,Geography_Lesson_1,66.0,106.0,17.0,57.0,science_oriented
STU0083,ICT,ICT_Lesson_1,65.0,106.0,17.0,57.0,science_oriented
STU0084,Sinhala,Sinhala_Lesson_1,71.0,109.0,15.0,69.0,language_oriented
STU0084,Mathematics,Mathematics_Lesson_1,34.0,109.0,15.0,69.0,language_oriented
STU0084,Science,Science_Lesson_1,61.0,109.0,15.0,69.0,language_oriented
STU0084,English,English_Lesson_1,94.0,109.0,15.0,69.0,language_oriented
STU0084,History,History_Lesson_1,81.0,109.0,15.0,69.0,language_oriented
STU0084,Buddhism,Buddhism_Lesson_1,60.0,109.0,15.0,69.0,language_oriented
STU0084,Geography,Geography_Lesson_1,91.0,109.0,15.0,69.0,language_oriented
STU0084,ICT,ICT_Lesson_1,61.0,109.0,15.0,69.0,language_oriented
STU0085,Sinhala,Sinhala_Lesson_1,32.0,122.0,18.0,99.0,language_oriented
STU0085,Mathematics,Mathematics_Lesson_1,38.0,122.0,18.0,99.0,language_oriented
STU0085,Science,Science_Lesson_1,52.0,122.0,18.0,99.0,language_oriented
STU0085,English,English_Lesson_1,38.0,122.0,18.0,99.0,language_oriented
STU0085,History,History_Lesson_1,33.0,122.0,18.0,99.0,language_oriented
STU0085,Buddhism,Buddhism_Lesson_1,52.0,122.0,18.0,99.0,language_oriented
STU0085,Geography,Geography_Lesson_1,64.0,122.0,18.0,99.0,language_oriented
STU0085,ICT,ICT_Lesson_1,100.0,122.0,18.0,99.0,language_oriented
STU0086,Sinhala,Sinhala_Lesson_1,75.0,106.0,15.0,81.0,language_oriented
STU0086,Mathematics,Mathematics_Lesson_1,78.0,106.0,15.0,81.0,language_oriented
STU0086,Science,Science_Lesson_1,56.0,106.0,15.0,81.0,language_oriented
STU0086,English,English_Lesson_1,87.0,106.0,15.0,81.0,language_oriented
STU0086,History,History_Lesson_1,65.0,106.0,15.0,81.0,language_oriented
STU0086,Buddhism,Buddhism_Lesson_1,68.0,106.0,15.0,81.0,language_oriented
STU0086,Geography,Geography_Lesson_1,42.0,106.0,15.0,81.0,language_oriented
STU0086,ICT,ICT_Lesson_1,85.0,106.0,15.0,81.0,language_oriented
STU0087,Sinhala,Sinhala_Lesson_1,86.0,115.0,20.0,86.0,balanced
STU0087,Mathematics,Mathematics_Lesson_1,45.0,115.0,20.0,86.0,balanced
STU0087,Science,Science_Lesson_1,51.0,115.0,20.0,86.0,balanced
STU0087,English,English_Lesson_1,45.0,115.0,20.0,86.0,balanced
STU0087,History,History_Lesson_1,72.0,115.0,20.0,86.0,balanced
STU0087,Buddhism,Buddhism_Lesson_1,66.0,115.0,20.0,86.0,balanced
STU0087,Geography,Geography_Lesson_1,71.0,115.0,20.0,86.0,balanced
STU0087,ICT,ICT_Lesson_1,77.0,115.0,20.0,86.0,balanced
STU0088,Sinhala,Sinhala_Lesson_1,93.0,131.0,12.0,97.0,balanced
STU0088,Mathematics,Mathematics_Lesson_1,30.0,131.0,12.0,97.0,balanced
STU0088,Science,Science_Lesson_1,53.0,131.0,12.0,97.0,balanced
STU0088,English,English_Lesson_1,70.0,131.0,12.0,97.0,balanced
STU0088,History,History_Lesson_1,81.0,131.0,12.0,97.0,balanced
STU0088,Buddhism,Buddhism_Lesson_1,37.0,131.0,12.0,97.0,balanced
STU0088,Geography,Geography_Lesson_1,30.0,131.0,12.0,97.0,balanced
STU0088,ICT,ICT_Lesson_1,92.0,131.0,12.0,97.0,balanced
STU0089,Sinhala,Sinhala_Lesson_1,73.0,137.0,9.0,66.0,practical
STU0089,Mathematics,Mathematics_Lesson_1,46.0,137.0,9.0,66.0,practical
STU0089,Science,Science_Lesson_1,56.0,137.0,9.0,66.0,practical
STU0089,English,English_Lesson_1,66.0,137.0,9.0,66.0,practical
STU0089,History,History_Lesson_1,86.0,137.0,9.0,66.0,practical
STU0089,Buddhism,Buddhism_Lesson_1,38.0,137.0,9.0,66.0,practical
STU0089,Geography,Geography_Lesson_1,90.0,137.0,9.0,66.0,practical
STU0089,ICT,ICT_Lesson_1,67.0,137.0,9.0,66.0,practical
STU0090,Sinhala,Sinhala_Lesson_1,31.0,131.0,10.0,51.0,science_oriented
STU0090,Mathematics,Mathematics_Lesson_1,35.0,131.0,10.0,51.0,science_oriented
STU0090,Science,Science_Lesson_1,93.0,131.0,10.0,51.0,science_oriented
STU0090,English,English_Lesson_1,79.0,131.0,10.0,51.0,science_oriented
STU0090,History,History_Lesson_1,90.0,131.0,10.0,51.0,science_oriented
STU0090,Buddhism,Buddhism_Lesson_1,50.0,131.0,10.0,51.0,science_oriented
STU0090,Geography,Geography_Lesson_1,90.0,131.0,10.0,51.0,science_oriented
STU0090,ICT,ICT_Lesson_1,69.0,131.0,10.0,51.0,science_oriented
STU0091,Sinhala,Sinhala_Lesson_1,62.0,130.0,18.0,91.0,balanced
STU0091,Mathematics,Mathematics_Lesson_1,39.0,130.0,18.0,91.0,balanced
STU0091,Science,Science_Lesson_1,52.0,130.0,18.0,91.0,balanced
STU0091,English,English_Lesson_1,49.0,130.0,18.0,91.0,balanced
STU0091,History,History_Lesson_1,87.0,130.0,18.0,91.0,balanced
STU0091,Buddhism,Buddhism_Lesson_1,68.0,130.0,18.0,91.0,balanced
STU0091,Geography,Geography_Lesson_1,39.0,130.0,18.0,91.0,balanced
STU0091,ICT,ICT_Lesson_1,49.0,130.0,18.0,91.0,balanced
STU0092,Sinhala,Sinhala_Lesson_1,82.0,132.0,4.0,64.0,balanced
STU0092,Mathematics,Mathematics_Lesson_1,57.0,132.0,4.0,64.0,balanced
STU0092,Science,Science_Lesson_1,50.0,132.0,4.0,64.0,balanced
STU0092,English,English_Lesson_1,39.0,132.0,4.0,64.0,balanced
STU0092,History,History_Lesson_1,38.0,132.0,4.0,64.0,balanced
STU0092,Buddhism,Buddhism_Lesson_1,71.0,132.0,4.0,64.0,balanced
STU0092,Geography,Geography_Lesson_1,81.0,132.0,4.0,64.0,balanced
STU0092,ICT,ICT_Lesson_1,39.0,132.0,4.0,64.0,balanced
STU0093,Sinhala,Sinhala_Lesson_1,70.0,124.0,10.0,62.0,practical
STU0093,Mathematics,Mathematics_Lesson_1,61.0,124.0,10.0,62.0,practical
STU0093,Science,Science_Lesson_1,71.0,124.0,10.0,62.0,practical
STU0093,English,English_Lesson_1,97.0,124.0,10.0,62.0,practical
STU0093,History,History_Lesson_1,78.0,124.0,10.0,62.0,practical
STU0093,Buddhism,Buddhism_Lesson_1,35.0,124.0,10.0,62.0,practical
STU0093,Geography,Geography_Lesson_1,53.0,124.0,10.0,62.0,practical
STU0093,ICT,ICT_Lesson_1,76.0,124.0,10.0,62.0,practical
STU0094,Sinhala,Sinhala_Lesson_1,77.0,124.0,18.0,90.0,practical
STU0094,Mathematics,Mathematics_Lesson_1,77.0,124.0,18.0,90.0,practical
STU0094,Science,Science_Lesson_1,68.0,124.0,18.0,90.0,practical
STU0094,English,English_Lesson_1,96.0,124.0,18.0,90.0,practical
STU0094,History,History_Lesson_1,37.0,124.0,18.0,90.0,practical
STU0094,Buddhism,Buddhism_Lesson_1,96.0,124.0,18.0,90.0,practical
STU0094,Geography,Geography_Lesson_1,83.0,124.0,18.0,90.0,practical
STU0094,ICT,ICT_Lesson_1,30.0,124.0,18.0,90.0,practical
STU0095,Sinhala,Sinhala_Lesson_1,49.0,102.0,2.0,96.0,balanced
STU0095,Mathematics,Mathematics_Lesson_1,52.0,102.0,2.0,96.0,balanced
STU0095,Science,Science_Lesson_1,81.0,102.0,2.0,96.0,balanced
STU0095,English,English_Lesson_1,52.0,102.0,2.0,96.0,balanced
STU0095,History,History_Lesson_1,81.0,102.0,2.0,96.0,balanced
STU0095,Buddhism,Buddhism_Lesson_1,31.0,102.0,2.0,96.0,balanced
STU0095,Geography,Geography_Lesson_1,45.0,102.0,2.0,96.0,balanced
STU0095,ICT,ICT_Lesson_1,61.0,102.0,2.0,96.0,balanced
STU0096,Sinhala,Sinhala_Lesson_1,42.0,131.0,9.0,63.0,balanced
STU0096,Mathematics,Mathematics_Lesson_1,94.0,131.0,9.0,63.0,balanced
STU0096,Science,Science_Lesson_1,35.0,131.0,9.0,63.0,balanced
STU0096,English,English_Lesson_1,41.0,131.0,9.0,63.0,balanced
STU0096,History,History_Lesson_1,100.0,131.0,9.0,63.0,balanced
STU0096,Buddhism,Buddhism_Lesson_1,86.0,131.0,9.0,63.0,balanced
STU0096,Geography,Geography_Lesson_1,35.0,131.0,9.0,63.0,balanced
STU0096,ICT,ICT_Lesson_1,67.0,131.0,9.0,63.0,balanced
STU0097,Sinhala,Sinhala_Lesson_1,65.0,139.0,2.0,86.0,balanced
STU0097,Mathematics,Mathematics_Lesson_1,73.0,139.0,2.0,86.0,balanced
STU0097,Science,Science_Lesson_1,33.0,139.0,2.0,86.0,balanced
STU0097,English,English_Lesson_1,80.0,139.0,2.0,86.0,balanced
STU0097,History,History_Lesson_1,63.0,139.0,2.0,86.0,balanced
STU0097,Buddhism,Buddhism_Lesson_1,50.0,139.0,2.0,86.0,balanced
STU0097,Geography,Geography_Lesson_1,72.0,139.0,2.0,86.0,balanced
STU0097,ICT,ICT_Lesson_1,32.0,139.0,2.0,86.0,balanced
STU0098,Sinhala,Sinhala_Lesson_1,79.0,124.0,2.0,72.0,practical
STU0098,Mathematics,Mathematics_Lesson_1,95.0,124.0,2.0,72.0,practical
STU0098,Science,Science_Lesson_1,97.0,124.0,2.0,72.0,practical
STU0098,English,English_Lesson_1,31.0,124.0,2.0,72.0,practical
STU0098,History,History_Lesson_1,59.0,124.0,2.0,72.0,practical
STU0098,Buddhism,Buddhism_Lesson_1,51.0,124.0,2.0,72.0,practical
STU0098,Geography,Geography_Lesson_1,92.0,124.0,2.0,72.0,practical
STU0098,ICT,ICT_Lesson_1,93.0,124.0,2.0,72.0,practical
STU0099,Sinhala,Sinhala_Lesson_1,45.0,98.0,16.0,67.0,practical
STU0099,Mathematics,Mathematics_Lesson_1,88.0,98.0,16.0,67.0,practical
STU0099,Science,Science_Lesson_1,56.0,98.0,16.0,67.0,practical
STU0099,English,English_Lesson_1,39.0,98.0,16.0,67.0,practical
STU0099,History,History_Lesson_1,69.0,98.0,16.0,67.0,practical
STU0099,Buddhism,Buddhism_Lesson_1,95.0,98.0,16.0,67.0,practical
STU0099,Geography,Geography_Lesson_1,63.0,98.0,16.0,67.0,practical
STU0099,ICT,ICT_Lesson_1,47.0,98.0,16.0,67.0,practical
STU0100,Sinhala,Sinhala_Lesson_1,64.0,112.0,5.0,57.0,language_oriented
STU0100,Mathematics,Mathematics_Lesson_1,53.0,112.0,5.0,57.0,language_oriented
STU0100,Science,Science_Lesson_1,58.0,112.0,5.0,57.0,language_oriented
STU0100,English,English_Lesson_1,70.0,112.0,5.0,57.0,language_oriented
STU0100,History,History_Lesson_1,50.0,112.0,5.0,57.0,language_oriented
STU0100,Buddhism,Buddhism_Lesson_1,63.0,112.0,5.0,57.0,language_oriented
STU0100,Geography,Geography_Lesson_1,98.0,112.0,5.0,57.0,language_oriented
STU0100,ICT,ICT_Lesson_1,38.0,112.0,5.0,57.0,language_oriented
STU202603081107355435,Sinhala,Sinhala_Lesson_1,52.0,125.0,8.0,55.0,balanced
STU202603081107355435,Mathematics,Mathematics_Lesson_1,54.0,125.0,8.0,55.0,balanced
STU202603081107355435,Science,Science_Lesson_1,56.0,125.0,8.0,55.0,balanced
STU202603081107355435,English,English_Lesson_1,62.0,125.0,8.0,55.0,balanced
STU202603081107355435,History,History_Lesson_1,25.0,125.0,8.0,55.0,balanced
STU202603081107355435,Buddhism,Buddhism_Lesson_1,65.0,125.0,8.0,55.0,balanced
STU202603081107355435,Geography,Geography_Lesson_1,32.0,125.0,8.0,55.0,balanced
STU202603081107355435,ICT,ICT_Lesson_1,32.0,125.0,8.0,55.0,balanced
STU202603081111076294,Sinhala,Sinhala_Lesson_1,45.0,45.0,6.0,52.0,balanced
STU202603081111076294,Mathematics,Mathematics_Lesson_1,54.0,45.0,6.0,52.0,balanced
STU202603081111076294,Science,Science_Lesson_1,23.0,45.0,6.0,52.0,balanced
STU202603081111076294,English,English_Lesson_1,65.0,45.0,6.0,52.0,balanced
STU202603081111076294,History,History_Lesson_1,99.0,45.0,6.0,52.0,balanced
STU202603081111076294,Buddhism,Buddhism_Lesson_1,65.0,45.0,6.0,52.0,balanced
STU202603081111076294,Geography,Geography_Lesson_1,32.0,45.0,6.0,52.0,balanced
STU202603081111076294,ICT,ICT_Lesson_1,62.0,45.0,6.0,52.0,balanced
